RS.CO,Incident Response Reporting and Communication
RS.CO,Internal and external stakeholders are notified of incidents
RS.CO,Information is shared with designated internal and external stakeholders
RS.CO,"Response activities are coordinated with internal and external stakeholders as required by laws, regulations, or policies"
RS.CO,"Communicate a confirmed cybersecurity incident with all internal and external stakeholders (e.g., customers, business partners, law enforcement agencies, regulatory bodies) as required by laws, regulations, contracts, or policies. 
"
RS.CO,"Notify all internal and external stakeholders about confirmed cybersecurity incidents in accordance with applicable laws, contracts, and policies."
RS.CO,"Ensure customers, partners, regulators, and law enforcement are properly informed when a cybersecurity incident is confirmed"
RS.CO,"Follow legal, contractual, and policy requirements to communicate cybersecurity incidents to all necessary internal and external parties"
RS.CO,"Report confirmed cybersecurity incidents to affected stakeholders, including business partners and regulatory bodies, as required"
RS.CO,"Communicate incident details promptly and appropriately to customers, business partners, and relevant authorities after confirmation of a cybersecurity event"
RS.CO,We informed the legal team and compliance officer about the breach yesterday.
RS.CO,Customer notifications were sent out within the required 48-hour window.
RS.CO,We escalated the incident to our business partners once it was confirmed.
RS.CO,Law enforcement has been contacted regarding the ransomware attack.
RS.CO,Our regulatory disclosure was filed this morning in accordance with GDPR rules.
RS.CO,Vendor coordination was handled immediately to mitigate any supply chain risks.
RS.CO,The incident details were formally shared with our board of directors today.
RS.CO,Communication templates were used to notify external parties to ensure consistency.
RS.CO,We reported the breach to our primary regulator within the required timeframe.
RS.CO,External stakeholders were informed via secure messaging channels.
RS.CO,We completed the contractual notification obligations for all impacted customers.
RS.CO,A full incident disclosure was provided to affected partners as per policy.
RS.CO,Notification letters were sent to impacted individuals as part of the breach protocol.
RS.CO,An internal alert was distributed company-wide about the confirmed compromise.
RS.CO,External counsel was consulted before communicating the incident publicly.
RS.CO,Crisis communication protocols were activated once the breach was validated.
RS.CO,Affected parties were informed about the incident severity and expected remediation steps.
RS.CO,All external communications were logged for audit purposes.
RS.CO,Updates on the incident were regularly shared with customers until resolution.
RS.CO,Regulatory agencies were kept informed with status updates throughout containment.
RS.CO,Stakeholder notifications were sent within the designated compliance window.
RS.CO,Customers and affected partners were alerted immediately after incident confirmation.
RS.CO,The breach was formally reported to regulatory bodies as per contractual obligations.
RS.CO,Law enforcement was promptly contacted regarding unauthorized system access.
RS.CO,Compliance officers were informed to ensure legal reporting requirements were met.
RS.CO,A coordinated communication plan was activated to inform external stakeholders.
RS.CO,Regulatory notification templates were used to expedite the disclosure process.
RS.CO,Updates were shared with business partners to maintain transparency and trust.
RS.CO,A comprehensive incident report was submitted to internal and external auditors.
RS.CO,The legal team reviewed all external communications for regulatory accuracy.
RS.CO,Stakeholders received ongoing updates during the incident containment phase.
RS.CO,Incident disclosure was escalated through the established legal and compliance channels.
RS.CO,Vendors were contacted to verify potential third-party exposure.
RS.CO,Confirmed incidents were reported to privacy regulators within the mandated period.
RS.CO,External partners were notified with full breach impact summaries.
RS.CO,A crisis communication team handled public disclosures in compliance with policy.
RS.CO,Key customers were personally contacted regarding potential data exposure.
RS.CO,Government agencies were informed as part of mandatory cybersecurity reporting.
RS.CO,Business continuity plans included external communication strategies during the event.
RS.CO,Incident communication logs were archived for future audit and review.
RS.CO,All impacted customers were formally notified of the incident.
RS.CO,Regulatory authorities received the required incident notification reports.
RS.CO,External legal counsel was consulted before communicating the breach publicly.
RS.CO,Business partners were briefed on the incident’s impact to shared systems.
RS.CO,Notification letters were prepared and sent according to data breach laws.
RS.CO,Confirmed breach details were communicated to third-party vendors.
RS.CO,Law enforcement was engaged to assist with the breach investigation.
RS.CO,The public relations team coordinated messaging to external audiences.
RS.CO,Data protection authorities were informed as required by privacy regulations.
RS.CO,External communications were reviewed to ensure regulatory compliance.
RS.CO,A timeline of stakeholder communications was documented for audit purposes.
RS.CO,An incident summary was distributed to impacted supply chain partners.
RS.CO,Notifications were delivered through encrypted and secure communication channels.
RS.CO,Incident severity and response actions were communicated to regulatory agencies.
RS.CO,A status report was issued to customers explaining the recovery plan.
RS.CO,Notification requirements outlined in service contracts were fully met.
RS.CO,Senior leadership approved the incident communication plan before execution.
RS.CO,Public disclosures were limited to verified facts to meet legal standards.
RS.CO,All communication activities were logged to maintain an audit trail.
RS.CO,Stakeholders were kept informed of investigation findings as they became available.
RS.CO,Confirmed breach notification issued under GDPR compliance.
RS.CO,Stakeholder breach disclosure executed per contractual obligations.
RS.CO,Incident communication aligned with NIST CSF standards.
RS.CO,Escalation matrix triggered for multi-stakeholder notification.
RS.CO,External communications validated against HIPAA breach protocols.
RS.CO,Breach reporting procedures activated under ISO 27001.
RS.CO,Cross-functional coordination for cybersecurity incident disclosure.
RS.CO,Timely reporting to regulatory bodies per compliance framework.
RS.CO,External notification templates deployed for breach disclosure.
RS.CO,Law enforcement engagement initiated post-incident verification.
RS.CO,Communication cadence maintained with affected customers.
RS.CO,Supply chain notification protocols executed post-incident.
RS.CO,Crisis response communication synchronized across departments.
RS.CO,Third-party notification under CCPA data breach requirements.
RS.CO,Information Security and Compliance teams coordinated breach disclosure.
RS.CO,Real-time stakeholder updates aligned with breach management plans.
RS.CO,Customer trust maintained through rapid incident communication.
RS.CO,Compliance-driven reporting to supervisory authorities completed.
RS.CO,External breach notification met SLA and legal thresholds.
RS.CO,Documentation of external communications ensured audit readiness.
RS.CO,Breach notification delivered to federal and local agencies.
RS.CO,Incident response playbook communication steps followed.
RS.CO,Secure disclosure practices ensured confidentiality of breach details.
RS.CO,Risk and Compliance teams oversaw external incident reporting.
RS.CO,Legal oversight ensured regulatory breach notification accuracy.
RS.CO,Public breach notification deferred pending legal consultation.
RS.CO,Mitigation communications initiated per business continuity policies.
RS.CO,Compliance checklist validated during external incident communications.
RS.CO,Notification logs archived to support regulatory audits.
RS.CO,External communications prioritized critical stakeholders first.
RS.CO,We provided regulators with the incident summary earlier this week.
RS.CO,The customer communication plan was activated following breach confirmation.
RS.CO,All external vendors were promptly notified about potential data exposure.
RS.CO,We escalated the event details to the compliance department for external disclosure.
RS.CO,A formal breach notification was sent to all impacted stakeholders.
RS.CO,Law enforcement was engaged immediately after the threat was validated.
RS.CO,We informed our largest clients of the incident in one-on-one briefings.
RS.CO,Our communication templates ensured consistent messaging across departments.
RS.CO,The public-facing incident statement was approved by legal and compliance.
RS.CO,Regulatory response teams were updated hourly during the incident.
RS.CO,Incident findings were summarized for customers in a formal email.
RS.CO,Internal management was kept informed alongside external partners.
RS.CO,We prioritized regulatory disclosure deadlines based on breach severity.
RS.CO,Notified partner organizations to assist with coordinated response efforts.
RS.CO,The legal team verified our notification plan against current regulations.
RS.CO,Incident bulletins were sent to all affected service subscribers.
RS.CO,Business impact analysis results were communicated to vendors.
RS.CO,Third-party risk teams were engaged to manage vendor notifications.
RS.CO,We ensured that external updates reflected only verified information.
RS.CO,Real-time updates were shared with compliance and legal advisors.
RS.CO,Incident response documentation included a full list of stakeholders notified.
RS.CO,We sent risk mitigation steps to clients after confirming the breach.
RS.CO,All client-facing teams received briefings on external communication procedures.
RS.CO,A temporary breach information portal was made available to impacted users.
RS.CO,Clients were informed about next steps to secure their data.
RS.CO,The communications department handled press inquiries related to the incident.
RS.CO,External communications were coordinated with insurance providers.
RS.CO,Notification requirements under state breach laws were carefully reviewed.
RS.CO,The data protection officer oversaw all customer notifications.
RS.CO,Meeting minutes included detailed notes on incident communications.
RS.CO,Our public disclosure aligned with external counsel recommendations.
RS.CO,All notices to authorities were submitted electronically through secure portals.
RS.CO,We held Q&A sessions with key customers about the breach impact.
RS.CO,Incident summaries were attached to quarterly compliance reports.
RS.CO,Post-incident reviews included an evaluation of all external communications.
RS.CO,External breach reporting aligned with GDPR and CCPA obligations.
RS.CO,Stakeholder notification protocols activated post-incident validation.
RS.CO,Cybersecurity incident disclosures managed under ISO 27001 guidelines.
RS.CO,Cross-functional notification strategy deployed during containment phase.
RS.CO,Incident escalation matrix leveraged for regulatory and customer communications.
RS.CO,Compliance oversight ensured regulatory breach reporting accuracy.
RS.CO,Regulatory disclosure prepared per financial sector breach reporting standards.
RS.CO,Third-party incident notification templates implemented during response cycle.
RS.CO,Real-time stakeholder updates executed through secure communication channels.
RS.CO,Crisis management teams coordinated multi-stakeholder notifications.
RS.CO,Notification workflow mapped to compliance and contractual obligations.
RS.CO,Public communication handled under breach response legal framework.
RS.CO,Risk management teams validated breach notification requirements pre-disclosure.
RS.CO,Documentation of breach disclosures archived for audit purposes.
RS.CO,Multi-agency notification checklist completed and verified during post-incident review.
RS.MI-01,Incidents are contained
RS.MI-01,The breach was contained within two hours of detection.
RS.MI-01,Our team isolated the affected systems immediately.
RS.MI-01,The malware was successfully quarantined before spreading further.
RS.MI-01,Containment protocols were activated as soon as the alert was confirmed.
RS.MI-01,We disconnected compromised servers from the network to prevent escalation.
RS.MI-01,Incident containment procedures followed our internal response playbook.
RS.MI-01,Firewalls were reconfigured to block the attacker's IP addresses.
RS.MI-01,The team locked down all exposed endpoints within the critical window.
RS.MI-01,Systems were restored to a known good state after containment.
RS.MI-01,The breach impact was contained to a limited set of servers.
RS.MI-01,Containment was verified through multiple rounds of network scans.
RS.MI-01,Affected user accounts were suspended to limit further access.
RS.MI-01,We deployed emergency patches to vulnerable systems.
RS.MI-01,The team initiated network segmentation during the incident.
RS.MI-01,All compromised credentials were reset during the containment phase.
RS.MI-01,The attack was restricted to a single business unit.
RS.MI-01,We performed a rollback of systems to pre-incident snapshots.
RS.MI-01,Containment efforts were monitored in real-time by the SOC team.
RS.MI-01,Access to critical data was revoked for affected users immediately.
RS.MI-01,All outbound traffic from affected machines was blocked.
RS.MI-01,The incident commander authorized full system lockdown procedures.
RS.MI-01,Affected endpoints were isolated from the production environment.
RS.MI-01,We applied containment patches across all impacted applications.
RS.MI-01,The virus was eradicated before reaching sensitive data stores.
RS.MI-01,Containment was completed without disruption to unaffected services.
RS.MI-01,Rapid containment minimized downtime across operational systems.
RS.MI-01,We validated containment effectiveness with external forensic teams.
RS.MI-01,An emergency change control window was opened to support containment.
RS.MI-01,Physical access to compromised devices was restricted immediately.
RS.MI-01,Containment actions were logged for post-incident review.
RS.MI-01,No evidence of lateral movement was detected after containment.
RS.MI-01,Containment was achieved in line with SLA requirements.
RS.MI-01,We conducted internal containment drills that supported response speed.
RS.MI-01,Containment confirmation was obtained from all regional IT leads.
RS.MI-01,Affected systems were rebuilt according to secure baseline standards.
RS.MI-01,Isolation protocols were followed as outlined in incident response plans.
RS.MI-01,Threat actors were locked out of the environment during containment.
RS.MI-01,Firewall rules were updated to contain suspicious outbound connections.
RS.MI-01,Containment completion was communicated to leadership within one hour.
RS.MI-01,No additional anomalies were detected following containment measures.
RS.MI-01,The SOC monitored system integrity throughout containment activities.
RS.MI-01,Incident logs confirmed that containment was completed successfully.
RS.MI-01,Data exfiltration was prevented through rapid containment action.
RS.MI-01,Forensic analysis validated that containment actions were effective.
RS.MI-01,All containment steps were verified and documented for auditing.
RS.MI-01,Containment strategies included shutting down unnecessary services.
RS.MI-01,Affected cloud instances were quarantined separately from production.
RS.MI-01,A containment validation checklist was completed and archived.
RS.MI-01,Remediation planning began immediately after confirming containment.
RS.MI-01,Leadership was briefed once containment objectives were met.
RS.MI-01,The team executed containment measures across all identified assets.
RS.MI-01,Incident response teams confirmed containment within established SLAs.
RS.MI-01,All compromised endpoints were promptly removed from the network.
RS.MI-01,Containment was prioritized based on system criticality.
RS.MI-01,The infected machine was immediately isolated from corporate systems.
RS.MI-01,Containment was validated by third-party security consultants.
RS.MI-01,Emergency response teams worked overnight to complete containment.
RS.MI-01,Compromised applications were taken offline to prevent further damage.
RS.MI-01,We shut down non-essential services during the containment phase.
RS.MI-01,System imaging was performed to preserve evidence after containment.
RS.MI-01,The firewall was hardened to restrict unauthorized access during containment.
RS.MI-01,Containment was completed without triggering additional system alerts.
RS.MI-01,Network monitoring confirmed no further malicious activity after containment.
RS.MI-01,The security team maintained 24/7 oversight during containment operations.
RS.MI-01,A full sweep of network traffic confirmed the threat was neutralized.
RS.MI-01,Incident command teams authorized broader network segmentation.
RS.MI-01,Containment decisions were logged for compliance review.
RS.MI-01,Critical databases were removed from public-facing environments.
RS.MI-01,Server access was restricted to the cybersecurity team during containment.
RS.MI-01,Containment policies were applied globally across impacted environments.
RS.MI-01,New containment playbooks were tested during this incident response.
RS.MI-01,SOC analysts continuously monitored for post-containment anomalies.
RS.MI-01,The threat actor’s access methods were blocked during containment.
RS.MI-01,User sessions were forcibly terminated across the compromised network.
RS.MI-01,Digital forensics teams confirmed no further signs of compromise.
RS.MI-01,Key security appliances were reconfigured to strengthen containment barriers.
RS.MI-01,Containment verification included endpoint and cloud environments.
RS.MI-01,Remediation recommendations were developed post-containment.
RS.MI-01,Redundant systems were brought online to replace quarantined assets.
RS.MI-01,IT leadership received hourly updates during containment activities.
RS.MI-01,Zero trust access policies were enforced during containment.
RS.MI-01,All identified malware artifacts were contained and removed.
RS.MI-01,System logs were reviewed in real-time during containment efforts.
RS.MI-01,Physical containment steps included secure facility access controls.
RS.MI-01,Incident containment was escalated to the CISO within minutes.
RS.MI-01,Affected environments remained under continuous containment status.
RS.MI-01,Containment included patching of all externally facing assets.
RS.MI-01,Custom firewall rules were deployed mid-incident to aid containment.
RS.MI-01,New threat indicators were added to SIEM systems during containment.
RS.MI-01,Affected cloud buckets were sealed off from external access.
RS.MI-01,Containment was executed across both production and backup systems.
RS.MI-01,Security baselining was conducted immediately after containment.
RS.MI-01,Network egress points were monitored tightly during the incident.
RS.MI-01,Containment testing confirmed no remaining infection vectors.
RS.MI-01,Remote access to affected systems was suspended indefinitely.
RS.MI-01,Containment procedures included restoring multi-factor authentication.
RS.MI-01,Data loss prevention tools were updated as part of containment actions.
RS.MI-01,Containment playbooks were updated based on lessons learned.
RS.MI-01,Critical incident reports highlighted containment successes.
RS.MI-01,Containment drills from previous quarters supported the swift response.
RS.MI-01,Incident impact analysis was initiated post-containment.
RS.MI-01,All containment communication was centrally documented and archived.
RS.MI-01,Leadership approved reentry of isolated systems following successful containment.
RS.MI-01,Containment protocols initiated per incident response framework.
RS.MI-01,Malware containment achieved via endpoint isolation strategy.
RS.MI-01,Incident lockdown procedures executed under zero trust model.
RS.MI-01,Rapid containment response aligned with NIST incident handling guidelines.
RS.MI-01,Segmentation of compromised assets enforced during containment.
RS.MI-01,Real-time threat containment confirmed by SOC operations.
RS.MI-01,Containment actions logged per audit compliance standards.
RS.MI-01,Endpoint quarantine policies triggered post-detection.
RS.MI-01,Containment effectiveness validated through forensic analysis.
RS.MI-01,Firewall rule updates deployed to support containment scope.
RS.MI-01,Cloud asset containment procedures activated under CIS benchmarks.
RS.MI-01,Containment validation checklist completed for compliance verification.
RS.MI-01,Lateral movement containment barriers implemented across network.
RS.MI-01,Emergency containment patches applied to critical systems.
RS.MI-01,SIEM integrations confirmed no further breach post-containment.
RS.MI-01,Remote session terminations performed during containment phase.
RS.MI-01,Active Directory lockdown protocols triggered during containment.
RS.MI-01,Secure rollback processes initiated to restore system baselines.
RS.MI-01,Containment measures coordinated across hybrid environments.
RS.MI-01,Incident commander authorized Tier 1 asset containment.
RS.MI-01,Containment reports archived under regulatory compliance standards.
RS.MI-01,Containment readiness drills validated operational effectiveness.
RS.MI-01,Network containment rules reviewed and refreshed in real-time.
RS.MI-01,Crisis response team ensured synchronized containment operations.
RS.MI-01,Containment plans cross-referenced with disaster recovery frameworks.
RS.MI-01,Threat containment communication channeled via secure networks.
RS.MI-01,Containment control points fortified through adaptive access controls.
RS.MI-01,Breach containment outcomes reported to cybersecurity governance.
RS.MI-01,Containment incident tickets escalated through critical response workflow.
RS.MI-01,Real-time asset containment mapping monitored during incident phase.
RS.MI-01,Containment frameworks extended to multi-cloud environments.
RS.MI-01,Forensic containment validation aligned with ISO 27037 standards.
RS.MI-01,Containment breach logs ingested into compliance monitoring systems.
RS.MI-01,Containment success metrics reviewed during after-action reporting.
RS.MI-01,Threat containment matrix updated with incident-specific indicators.
RS.MI-01,Enterprise-wide containment zones implemented during high-severity alerts.
RS.MI-01,Containment impact assessments conducted post-event.
RS.MI-01,Automated containment scripts executed across endpoints.
RS.MI-01,Multi-factor authentication enforcement accelerated during containment.
RS.MI-01,Containment oversight committees briefed on incident status.
RS.MI-01,Containment and eradication phases merged for operational efficiency.
RS.MI-01,Dynamic containment controls deployed across user sessions.
RS.MI-01,Containment exercises incorporated into incident closure process.
RS.MI-01,Containment telemetry captured for post-incident analysis.
RS.MI-01,Proactive containment recommendations integrated into future planning.
RS.MI-01,The incident was successfully contained.
RS.MI-02,Incidents are eradicated
RS.MI-02,The malware was fully removed from all affected systems.
RS.MI-02,Our IT team eradicated the root cause of the incident by eliminating the exploit.
RS.MI-02,Compromised user accounts were fully deactivated and recreated.
RS.MI-02,We scrubbed all unauthorized software from the impacted machines.
RS.MI-02,Incident eradication was confirmed by multiple endpoint scans.
RS.MI-02,Third-party consultants verified successful malware eradication.
RS.MI-02,All infected systems were reimaged to guarantee eradication.
RS.MI-02,Eradication efforts targeted all traces of the breach across cloud and local environments.
RS.MI-02,Residual malicious files were purged from backup systems.
RS.MI-02,The SOC validated eradication through post-incident monitoring.
RS.MI-02,Threat signatures were removed from vulnerable applications.
RS.MI-02,We ensured that all command and control channels were eliminated.
RS.MI-02,Endpoint protection was updated to prevent reinfection after eradication.
RS.MI-02,Security patches were applied across all affected systems.
RS.MI-02,Unauthorized scripts were completely purged from server environments.
RS.MI-02,Incident response teams confirmed no residual vulnerabilities post-eradication.
RS.MI-02,Unauthorized access pathways were permanently removed.
RS.MI-02,Credential resets were enforced across all users after eradication.
RS.MI-02,Final forensic analysis confirmed successful threat eradication.
RS.MI-02,Malware persistence mechanisms were dismantled on infected devices.
RS.MI-02,The last detected indicators of compromise were removed from the environment.
RS.MI-02,SIEM tools reported no further malicious signatures after eradication efforts.
RS.MI-02,Application whitelisting was enforced to complete the eradication process.
RS.MI-02,System integrity checks validated the eradication success.
RS.MI-02,Security audit trails showed full threat removal.
RS.MI-02,Antivirus logs confirmed the absence of malicious artifacts.
RS.MI-02,Eradication efforts included hardware-level resets where necessary.
RS.MI-02,Post-eradication vulnerability scans came back clean.
RS.MI-02,Final eradication reports were submitted to leadership.
RS.MI-02,Security control gaps identified during eradication were addressed.
RS.MI-02,Remediation activities ensured full threat removal.
RS.MI-02,User education reinforced safe practices post-eradication.
RS.MI-02,Business operations resumed after successful eradication validation.
RS.MI-02,SOC maintained elevated alerting post-eradication for 72 hours.
RS.MI-02,Isolated hosts were reintroduced to production after eradication checks.
RS.MI-02,Application integrity testing confirmed successful eradication.
RS.MI-02,Containment and eradication timelines were documented for compliance review.
RS.MI-02,Mitigation steps were adjusted based on eradication findings.
RS.MI-02,Threat actor persistence techniques were neutralized during eradication.
RS.MI-02,System rollback procedures were utilized to assist eradication.
RS.MI-02,Confirmed eradication of malware payloads across all sectors.
RS.MI-02,Recovery environment was secured after eradication measures completed.
RS.MI-02,Eradication SOPs were updated based on incident lessons learned.
RS.MI-02,Patch validation reports supported eradication verification.
RS.MI-02,Anti-malware sweeps reported zero infections after eradication.
RS.MI-02,Full endpoint sweeps confirmed the eradication process was successful.
RS.MI-02,Incident closure was authorized after eradication benchmarks were met.
RS.MI-02,Eradication team leads signed off after threat elimination.
RS.MI-02,A complete timeline of eradication activities was recorded.
RS.MI-02,Root cause analysis confirmed eradication success factors.
RS.MI-02,Recovery and restoration began following eradication sign-off.
RS.MI-02,The threat lifecycle was fully disrupted during eradication.
RS.MI-02,Eradication findings were shared with key internal stakeholders.
RS.MI-02,Internal incident reports highlighted eradication efficiency.
RS.MI-02,Environment hardening followed immediately after eradication.
RS.MI-02,Zero new alerts were detected during the eradication observation period.
RS.MI-02,Audit compliance checks confirmed post-eradication security status.
RS.MI-02,Incident eradication strategies were reviewed during debrief meetings.
RS.MI-02,Security team debriefs emphasized eradication effectiveness.
RS.MI-02,Lessons learned sessions reinforced eradication techniques.
RS.MI-02,Post-eradication metrics were incorporated into risk management updates.
RS.MI-02,Eradication activities were documented in incident management systems.
RS.MI-02,System baselines were re-established following eradication.
RS.MI-02,Patch management plans were strengthened after eradication.
RS.MI-02,Compliance sign-off occurred after successful eradication and verification.
RS.MI-02,New endpoint policies were implemented post-eradication.
RS.MI-02,Backup validation ensured clean recovery following eradication.
RS.MI-02,Cyber hygiene campaigns followed eradication activities.
RS.MI-02,Firewall rules were audited after threat eradication.
RS.MI-02,Cloud environment sweeps confirmed eradication of malicious assets.
RS.MI-02,Key operational metrics improved post-eradication validation.
RS.MI-02,Security information sharing groups received eradication summaries.
RS.MI-02,Internal threat hunting efforts confirmed eradication results.
RS.MI-02,Configuration management baselines were reviewed after eradication.
RS.MI-02,Executive summaries confirmed successful incident eradication milestones.
RS.MI-02,Disaster recovery documentation was updated after eradication findings.
RS.MI-02,Annual security training incorporated eradication lessons.
RS.MI-02,Key risk indicators were updated following eradication efforts.
RS.MI-02,Data integrity verification confirmed post-eradication safety.
RS.MI-02,Communication templates were revised after eradication debriefs.
RS.MI-02,User permissions were reviewed and hardened post-eradication.
RS.MI-02,Threat models were adjusted based on eradication experiences.
RS.MI-02,Mobile device management logs confirmed no residual infections.
RS.MI-02,Business continuity teams validated eradication phase results.
RS.MI-02,Data security officers signed off on eradication reports.
RS.MI-02,Third-party vendors were notified of eradication status.
RS.MI-02,Penetration testing post-eradication confirmed a clean environment.
RS.MI-02,Rootkit removal procedures were enhanced after eradication success.
RS.MI-02,Cloud security controls were reviewed post-eradication.
RS.MI-02,Security automation systems logged full eradication success.
RS.MI-02,Post-incident assessments confirmed full threat elimination.
RS.MI-02,All breach indicators were removed from network monitoring tools.
RS.MI-02,Critical vulnerabilities were patched during the eradication phase.
RS.MI-02,The cybersecurity insurance provider was updated post-eradication.
RS.MI-02,Network traffic baselining confirmed a safe operating environment.
RS.MI-02,Advanced persistent threat techniques were eradicated from affected systems.
RS.MI-02,Third-party risk teams validated eradication outcomes.
RS.MI-02,Threat eradication executed under incident response frameworks.
RS.MI-02,Endpoint eradication protocols validated per NIST standards.
RS.MI-02,Malware eradication confirmed through zero-trust containment models.
RS.MI-02,SIEM eradication reports archived for compliance audits.
RS.MI-02,Critical asset eradication procedures enforced under ISO 27001.
RS.MI-02,Automated eradication playbooks activated during incident closure phase.
RS.MI-02,Endpoint Detection and Response (EDR) systems validated threat eradication.
RS.MI-02,Threat persistence mechanisms neutralized per forensics guidelines.
RS.MI-02,Cyber resilience framework strengthened post-eradication activities.
RS.MI-02,Real-time eradication telemetry monitored via SOC dashboards.
RS.MI-02,Breach eradication metrics incorporated into security KPIs.
RS.MI-02,Cloud-native eradication workflows executed across hybrid environments.
RS.MI-02,Security orchestration platforms recorded eradication success.
RS.MI-02,Eradication milestones synchronized with business continuity planning.
RS.MI-02,Compromise artifacts purged from production and backup systems.
RS.MI-02,Data loss prevention integrations validated eradication completeness.
RS.MI-02,Incident lifecycle management updated post-eradication phase.
RS.MI-02,Threat actor kill chains disrupted during eradication operations.
RS.MI-02,Post-eradication validation scripts deployed across systems.
RS.MI-02,Eradication impact assessments documented for compliance submissions.
RS.MI-02,Threat eradication timelines archived in IR case management systems.
RS.MI-02,Eradication confirmation included in audit readiness reports.
RS.MI-02,Critical threat indicators purged during eradication sweeps.
RS.MI-02,Incident command authorized eradication phase closure.
RS.MI-02,Eradication action items integrated into continuous improvement programs.
RS.MI-02,Eradication log artifacts secured for forensic retention.
RS.MI-02,Security incident dashboards updated with eradication verification.
RS.MI-02,External eradication validation supported through managed services providers.
RS.MI-02,Cybersecurity program enhancements identified post-eradication review.
RS.MI-02,Secure wipe protocols executed across compromised endpoints.
RS.MI-02,Incident eradication SLAs achieved and recorded.
RS.MI-02,Penetration test validations confirmed eradication effectiveness.
RS.MI-02,Threat hunting frameworks adjusted based on eradication outcomes.
RS.MI-02,Eradication efficacy metrics reported to executive leadership.
RS.MI-02,Forensic imaging confirmed full eradication of compromised systems.
RS.MI-02,Eradication phase governance reviewed during incident closure meetings.
RS.MI-02,Dynamic eradication policies deployed to evolving threat vectors.
RS.MI-02,Post-eradication assurance checks integrated into ITSM workflows.
RS.MI-02,Security data lakes updated with eradication evidence logs.
RS.MI-02,Incident remediation documentation incorporated eradication details.
RS.MI-02,Final eradication validation endorsed by security architecture teams.
RS.MI-02,Containment-to-eradication transition documented for compliance traceability.
RS.MI-02,Security event correlation rules adjusted post-eradication analysis.
RS.MI-02,Risk scoring models recalibrated after successful eradication.
RS.MI-02,All unauthorized remote access tools were purged during eradication.
RS.MI-02,Eradication scope expanded to ensure removal of lateral movement artifacts.
RS.MI-02,Secure reimaging was completed on all compromised endpoints.
RS.MI-02,Threat eradication confirmed via independent forensic validation.
RS.MI-02,Security baselining included post-eradication compliance checkpoints.
RS.MI-02,Eradication checklists cross-referenced with incident response standards.
RS.MI-02,No indicators of compromise were found after final eradication sweep.
RS.MI-02,Full eradication audit trails submitted for regulatory compliance review.
RS.MA-03,Incidents are categorized and prioritized
RS.MA-03,We prioritized the phishing attack as a high-risk incident.
RS.MA-03,Security classified the ransomware event under major incident protocols.
RS.MA-03,The breach was escalated immediately due to its high impact category.
RS.MA-03,Initial triage assigned the incident a critical priority status.
RS.MA-03,The unauthorized access attempt was categorized as medium severity.
RS.MA-03,We downgraded the incident after confirming minimal business impact.
RS.MA-03,The DDoS attack was prioritized based on service disruption potential.
RS.MA-03,The malware infection was categorized under endpoint security incidents.
RS.MA-03,Security teams flagged the event as a priority one response.
RS.MA-03,The incident was classified as internal system misuse.
RS.MA-03,The team categorized the event under third-party vendor compromise.
RS.MA-03,Prioritization focused on the systems most critical to business operations.
RS.MA-03,A moderate impact rating was assigned to the login anomaly.
RS.MA-03,Critical incidents were handled first according to response policy.
RS.MA-03,The exposed credentials incident was flagged as a high priority.
RS.MA-03,Data exfiltration threats were categorized under immediate action required.
RS.MA-03,Incident intake prioritized external attacks over internal errors.
RS.MA-03,The cloud misconfiguration was categorized as medium risk.
RS.MA-03,Incident handlers followed the established severity classification model.
RS.MA-03,We assigned a priority code based on affected asset value.
RS.MA-03,Critical systems were immediately escalated to Tier 1 response.
RS.MA-03,The insider threat case was categorized as high risk.
RS.MA-03,Service interruption incidents were prioritized to minimize downtime.
RS.MA-03,All incidents were categorized within the first 30 minutes.
RS.MA-03,The endpoint alert was initially classified as a false positive.
RS.MA-03,Events impacting regulated data were automatically prioritized higher.
RS.MA-03,The incident prioritization aligned with the risk management framework.
RS.MA-03,We used the incident scoring matrix to set priority levels.
RS.MA-03,High-priority alerts triggered immediate escalation procedures.
RS.MA-03,The categorization process flagged the threat as business-critical.
RS.MA-03,Priority was determined based on potential data breach severity.
RS.MA-03,The incident command center reviewed and approved categorization results.
RS.MA-03,Phishing attempts targeting executives were classified as critical threats.
RS.MA-03,Systems containing PII data were prioritized during triage.
RS.MA-03,Categorization was based on the number of affected users.
RS.MA-03,Threat level assignment followed the organization's incident handling guidelines.
RS.MA-03,The unusual outbound traffic was flagged as a high-priority alert.
RS.MA-03,Incident classification was reviewed during daily security standups.
RS.MA-03,Low-impact incidents were queued for secondary response teams.
RS.MA-03,The denial of service attack was prioritized for immediate containment.
RS.MA-03,High-severity events bypassed standard ticket queues for faster handling.
RS.MA-03,The asset inventory system guided incident categorization efforts.
RS.MA-03,Privileged account incidents were automatically escalated to high risk.
RS.MA-03,The team applied category codes based on NIST standards.
RS.MA-03,Risk assessments influenced prioritization decisions during the incident.
RS.MA-03,Prioritization was adjusted as new information became available.
RS.MA-03,Triage procedures ensured categorization within SLA timeframes.
RS.MA-03,Executive stakeholders were briefed first on high-priority events.
RS.MA-03,Final categorization was logged into the incident tracking system.
RS.MA-03,The incident was assigned a high-severity classification after review.
RS.MA-03,Initial assessment categorized the threat as external unauthorized access.
RS.MA-03,Priority handling was given to incidents involving customer data exposure.
RS.MA-03,All incidents were categorized within established policy timelines.
RS.MA-03,Unauthorized access to admin accounts was escalated as critical.
RS.MA-03,Vulnerability exploitation attempts were classified as high-risk events.
RS.MA-03,The team prioritized incidents affecting production environments.
RS.MA-03,Priority codes were assigned based on threat likelihood and impact.
RS.MA-03,The phishing campaign was categorized under social engineering incidents.
RS.MA-03,The loss of backup data was escalated under critical incidents.
RS.MA-03,All unauthorized data transfers were flagged for high-priority review.
RS.MA-03,System anomalies affecting financial operations were prioritized first.
RS.MA-03,Incident handlers categorized the web application attack as major.
RS.MA-03,The asset ownership database supported incident categorization efforts.
RS.MA-03,Incidents with regulatory implications were prioritized for rapid response.
RS.MA-03,The incident triage queue was sorted based on impact potential.
RS.MA-03,Security team escalated the third-party breach notification to urgent status.
RS.MA-03,The severity model classified ransomware attacks as top priority.
RS.MA-03,"All incidents were categorized based on confidentiality, integrity, and availability impacts."
RS.MA-03,The anomalous login attempts were prioritized for immediate investigation.
RS.MA-03,Cloud platform vulnerabilities were assigned a critical priority rating.
RS.MA-03,Low-severity incidents were placed into the standard incident backlog.
RS.MA-03,Customer-facing incidents were escalated to the executive incident team.
RS.MA-03,Prioritization followed guidelines outlined in the incident management SOP.
RS.MA-03,Risk scoring assigned the insider threat event a high-risk category.
RS.MA-03,The anomalous API behavior was categorized as a high-priority event.
RS.MA-03,A compromised privileged account triggered critical prioritization flags.
RS.MA-03,Incident handlers categorized brute-force attempts as elevated risk.
RS.MA-03,Classification of incidents included evaluation of potential service disruption.
RS.MA-03,The incident prioritization queue was adjusted after additional findings.
RS.MA-03,Triage logs captured the categorization process for audit purposes.
RS.MA-03,Priority assignment considered time-to-impact for critical business processes.
RS.MA-03,The malware event was escalated after root cause confirmation.
RS.MA-03,Prioritization protocols triggered a security advisory notification.
RS.MA-03,Severity levels were reviewed with leadership during incident updates.
RS.MA-03,Early categorization focused on protecting sensitive data assets.
RS.MA-03,The suspicious outbound connection alert was prioritized for escalation.
RS.MA-03,Prioritization rules emphasized health and safety system impacts.
RS.MA-03,Major outages were automatically categorized as critical incidents.
RS.MA-03,Incident managers conducted real-time categorization reviews.
RS.MA-03,Risk thresholds determined escalation pathways for detected incidents.
RS.MA-03,The triage team documented justification for high-priority assignment.
RS.MA-03,The threat intelligence team contributed to prioritization decision-making.
RS.MA-03,The event was flagged under compliance-related incidents for rapid handling.
RS.MA-03,Incident impact assessments drove reprioritization of existing cases.
RS.MA-03,Categorization meetings were held for all critical incidents.
RS.MA-03,Security operations adjusted resource allocation based on incident priority.
RS.MA-03,Incident workflow routing adapted dynamically to prioritization changes.
RS.MA-03,Access control violations were assigned high-priority incident status.
RS.MA-03,The incident classification model was reviewed after initial triage.
RS.MA-03,All events affecting SLA commitments were prioritized accordingly.
RS.MA-03,Threat origin influenced incident categorization during intake.
RS.MA-03,Operational impact scoring shaped incident escalation timing.
RS.MA-03,Priority reassessment occurred after new system logs were analyzed.
RS.MA-03,Post-categorization validation was performed by incident supervisors.
RS.MA-03,Incident severity levels assigned per risk management framework.
RS.MA-03,Threat categorization aligned with NIST incident handling standards.
RS.MA-03,Incident prioritization matrices updated during triage activities.
RS.MA-03,Business impact assessments influenced incident priority scoring.
RS.MA-03,Priority escalation workflows triggered per severity thresholds.
RS.MA-03,Criticality scoring applied to unauthorized access events.
RS.MA-03,Risk matrices guided incident categorization and escalation.
RS.MA-03,SLA impact assessments factored into incident prioritization.
RS.MA-03,Incident classification standards reviewed during event intake.
RS.MA-03,Severity-driven escalation playbooks activated during triage.
RS.MA-03,Compliance-based incident categorization executed under governance policies.
RS.MA-03,Data sensitivity models influenced incident risk categorization.
RS.MA-03,High-priority incident queues populated based on threat vectors.
RS.MA-03,Incident risk ratings mapped against enterprise impact models.
RS.MA-03,Asset criticality informed incident classification decisions.
RS.MA-03,Priority tagging frameworks applied during initial triage.
RS.MA-03,Threat intelligence feeds integrated into categorization workflows.
RS.MA-03,Incident handling teams leveraged dynamic risk scoring systems.
RS.MA-03,Event prioritization frameworks utilized to streamline response.
RS.MA-03,Risk-based escalation strategies initiated for critical events.
RS.MA-03,Incident correlation engines supported severity classification.
RS.MA-03,Priority assignment governed by business continuity impact models.
RS.MA-03,Security posture evaluations influenced incident criticality ratings.
RS.MA-03,Multi-factor risk models drove incident escalation pathways.
RS.MA-03,High-impact incident categories triggered immediate containment actions.
RS.MA-03,Triage decision trees guided incident prioritization timelines.
RS.MA-03,External threat indicators factored into event severity ratings.
RS.MA-03,Risk quantification algorithms informed incident handling urgency.
RS.MA-03,Incident management systems enforced categorization standardization.
RS.MA-03,Asset sensitivity scoring mapped to incident impact models.
RS.MA-03,Triage workflows embedded severity level enforcement triggers.
RS.MA-03,Security governance frameworks influenced prioritization processes.
RS.MA-03,Compliance-driven prioritization procedures validated post-incident.
RS.MA-03,Threat risk profiling models adjusted incident urgency ratings.
RS.MA-03,Incident scoring matrices reviewed during escalation audits.
RS.MA-03,Crisis management response plans linked to prioritization protocols.
RS.MA-03,Incident detection systems integrated real-time categorization features.
RS.MA-03,Event prioritization dashboards updated dynamically during triage.
RS.MA-03,Organizational risk tolerance thresholds shaped incident severity mapping.
RS.MA-03,Security operations centers enforced risk-aligned escalation models.
RS.MA-03,Severity assessment playbooks updated post-incident review.
RS.MA-03,Business resilience models impacted prioritization strategies.
RS.MA-03,Risk exposure modeling applied during incident classification.
RS.MA-03,Operational disruption scoring influenced incident escalation timing.
RS.MA-03,Asset recovery timelines informed incident priority assignments.
RS.AN-03,"Analysis is performed to establish what has taken place during an incident
and the root cause of the incident"
RS.AN-03,Root cause analysis identified an unpatched vulnerability in the system.
RS.AN-03,The investigation revealed that compromised credentials enabled the breach.
RS.AN-03,Detailed log reviews traced the unauthorized access to a single IP address.
RS.AN-03,Forensic analysis confirmed malware execution through a phishing attachment.
RS.AN-03,The security team established that lateral movement was limited to internal servers.
RS.AN-03,Root cause findings pointed to a misconfigured firewall rule.
RS.AN-03,The post-incident analysis determined that multi-factor authentication was not enforced.
RS.AN-03,Endpoint monitoring identified the first signs of compromise.
RS.AN-03,Analysis revealed that no sensitive data was exfiltrated during the incident.
RS.AN-03,Memory forensics uncovered persistence mechanisms on compromised endpoints.
RS.AN-03,The timeline of the incident was reconstructed based on SIEM alerts.
RS.AN-03,DNS logs revealed the command-and-control traffic used by the attacker.
RS.AN-03,The incident analysis ruled out insider threat involvement.
RS.AN-03,The investigation established that the initial breach occurred via a third-party vendor.
RS.AN-03,Root cause assessment determined patch management gaps.
RS.AN-03,The analysis concluded that the attack exploited social engineering tactics.
RS.AN-03,Threat intelligence correlated the indicators of compromise with a known threat group.
RS.AN-03,The compromised server was identified through endpoint detection tools.
RS.AN-03,Incident documentation included a detailed breakdown of root cause findings.
RS.AN-03,Data integrity checks confirmed no unauthorized data alterations.
RS.AN-03,Log correlation established the full attack chain leading to the breach.
RS.AN-03,The incident report outlined a failure in secure configuration standards.
RS.AN-03,Investigators determined that inadequate access controls contributed to the breach.
RS.AN-03,The affected systems were isolated based on forensic findings.
RS.AN-03,The analysis linked the attack to a previously known vulnerability.
RS.AN-03,Incident analysis meetings were held to review root cause findings.
RS.AN-03,Investigators tracked the breach timeline to its point of origin.
RS.AN-03,Root cause review highlighted gaps in employee phishing awareness.
RS.AN-03,Memory dumps provided evidence of malware persistence techniques.
RS.AN-03,Forensic artifacts were collected and preserved during the analysis phase.
RS.AN-03,SIEM data helped reconstruct the sequence of attacker activities.
RS.AN-03,Analysis teams coordinated with cloud security teams for root cause validation.
RS.AN-03,Incident handling documentation included the root cause narrative.
RS.AN-03,Credential harvesting techniques were identified during the incident analysis.
RS.AN-03,Email gateway logs revealed initial phishing campaign attempts.
RS.AN-03,Root cause documentation was submitted to the incident response manager.
RS.AN-03,Third-party risk assessments were updated based on analysis findings.
RS.AN-03,Post-incident analysis workshops were conducted with key stakeholders.
RS.AN-03,The incident timeline emphasized critical delays in detection.
RS.AN-03,Indicators of compromise were shared with external threat intelligence groups.
RS.AN-03,Root cause assessment included a review of privileged access management gaps.
RS.AN-03,The analysis team reconstructed attacker movement through network segmentation maps.
RS.AN-03,Security event correlation revealed a missed early warning alert.
RS.AN-03,Incident analysis led to a revision of response playbooks.
RS.AN-03,Network flow data pinpointed unusual outbound connections during the breach.
RS.AN-03,Detailed asset inventories supported quicker root cause identification.
RS.AN-03,Post-incident assessments identified remediation priorities.
RS.AN-03,The final root cause report was shared with executive leadership.
RS.AN-03,Lessons learned from the analysis were incorporated into future training.
RS.AN-03,Investigation determined the threat actor gained access through a compromised VPN account.
RS.AN-03,Incident response logs revealed a missed alert from intrusion detection systems.
RS.AN-03,Root cause was linked to an outdated software component on a public-facing server.
RS.AN-03,SIEM event timelines established the sequence of malicious activities.
RS.AN-03,Log analysis showed the initial intrusion originated from an external IP address.
RS.AN-03,Malicious payloads were extracted and analyzed during forensic review.
RS.AN-03,The attacker leveraged a vulnerable web application to gain a foothold.
RS.AN-03,Internal audit logs provided critical evidence for root cause identification.
RS.AN-03,Compromised user credentials were obtained through a phishing campaign.
RS.AN-03,Review of authentication logs confirmed brute-force login attempts.
RS.AN-03,The analysis indicated privilege escalation was achieved through misconfigured permissions.
RS.AN-03,Root cause findings included lack of timely vulnerability patching.
RS.AN-03,Forensics identified the malware family involved in the incident.
RS.AN-03,Behavioral analysis tools detected abnormal system activity post-breach.
RS.AN-03,The phishing simulation failure was cited as a root cause factor.
RS.AN-03,Packet captures helped trace the data exfiltration attempts.
RS.AN-03,Incident triage documentation highlighted gaps in initial response actions.
RS.AN-03,Full disk images were taken for forensic analysis.
RS.AN-03,Root cause documentation emphasized the need for endpoint security hardening.
RS.AN-03,The security analyst team reconstructed the attacker’s movements through internal systems.
RS.AN-03,Root cause review linked to expired SSL certificates used in the exploit chain.
RS.AN-03,Cross-validation of system logs supported the breach timeline.
RS.AN-03,User access reviews identified privilege creep that contributed to the incident.
RS.AN-03,SIEM dashboards provided critical alerts for root cause reconstruction.
RS.AN-03,Compromised device activity logs showed command-and-control callbacks.
RS.AN-03,Incident analysis flagged unauthorized administrative account creations.
RS.AN-03,Attackers exploited a legacy protocol to bypass network controls.
RS.AN-03,Root cause reporting recommended immediate deprecation of obsolete services.
RS.AN-03,Incident timelines were visualized for easier executive review.
RS.AN-03,Security event timelines showed simultaneous attack paths targeting multiple systems.
RS.AN-03,Root cause findings triggered updates to asset management inventories.
RS.AN-03,Network segmentation gaps were identified during traffic flow analysis.
RS.AN-03,The phishing email payload was reverse engineered by security researchers.
RS.AN-03,System audits revealed dormant accounts abused during the breach.
RS.AN-03,Incident reports included a timeline mapping each attacker move.
RS.AN-03,Security patch audits revealed overdue critical updates.
RS.AN-03,Historical log analysis discovered similar prior attempts that went unnoticed.
RS.AN-03,Root cause assessments included analysis of cloud misconfigurations.
RS.AN-03,Email header analysis identified the malicious sender infrastructure.
RS.AN-03,Firewall change logs provided evidence of attacker lateral movement.
RS.AN-03,Analysis showed insufficient monitoring on critical database servers.
RS.AN-03,Threat emulation exercises were referenced during root cause discussions.
RS.AN-03,Root cause analysis revealed gaps in security awareness training programs.
RS.AN-03,Forensics teams identified removable media use during breach activity.
RS.AN-03,The attacker exploited misconfigured API endpoints.
RS.AN-03,Security configuration baselines were reviewed as part of the analysis process.
RS.AN-03,Incident reports were revised to incorporate detailed forensic findings.
RS.AN-03,Root cause analysis triggered broader vulnerability management reviews.
RS.AN-03,Log aggregation platforms captured evidence supporting the attack timeline.
RS.AN-03,Endpoint detection tools detected malware beaconing attempts during analysis.
RS.AN-03,Business continuity teams were engaged during post-incident analysis reviews.
RS.AN-03,Root cause meetings focused on systemic control failures.
RS.AN-03,The incident review board formally accepted the root cause findings.
RS.AN-03,Security dashboards flagged residual indicators requiring further review.
RS.AN-03,Cross-functional teams participated in root cause validation sessions.
RS.AN-03,Root cause analysis conducted per incident response frameworks.
RS.AN-03,Security event correlation engines reconstructed incident timelines.
RS.AN-03,Forensic investigation workflows initiated to establish breach origins.
RS.AN-03,Attack vectors mapped against MITRE ATT&CK frameworks.
RS.AN-03,Log aggregation platforms leveraged for root cause discovery.
RS.AN-03,Advanced persistent threat indicators identified during forensic analysis.
RS.AN-03,Root cause workflows aligned with cybersecurity governance standards.
RS.AN-03,Threat intelligence feeds enriched post-incident analysis findings.
RS.AN-03,Network packet captures reviewed for breach timeline validation.
RS.AN-03,Incident forensics validated breach origin points across environments.
RS.AN-03,Timeline reconstruction aligned with NIST IR guidelines.
RS.AN-03,Memory artifact analysis confirmed malware persistence mechanisms.
RS.AN-03,Attack kill chains fully reconstructed during incident analysis.
RS.AN-03,Root cause review templates updated post-incident closure.
RS.AN-03,Forensic triage processes supported accelerated root cause identification.
RS.AN-03,Endpoint telemetry logs ingested for root cause correlation.
RS.AN-03,Threat lifecycle models cross-referenced during analysis activities.
RS.AN-03,Digital forensics standard operating procedures executed during breach review.
RS.AN-03,Incident documentation frameworks populated with root cause findings.
RS.AN-03,Malware reverse engineering supported compromise attribution.
RS.AN-03,Cloud incident response workflows triggered root cause validation actions.
RS.AN-03,Security data lakes analyzed for long-term breach indicators.
RS.AN-03,Compromise timelines visualized via SIEM dashboards.
RS.AN-03,Threat actor tactics categorized during incident analysis phase.
RS.AN-03,System baselining audits cross-validated breach activity timelines.
RS.AN-03,Incident impact assessments adjusted after root cause validation.
RS.AN-03,Root cause reporting requirements enforced by regulatory standards.
RS.AN-03,Indicators of compromise mapped against external threat databases.
RS.AN-03,Security orchestration playbooks activated during forensic review.
RS.AN-03,Incident evidence chains preserved for post-mortem analysis.
RS.AN-03,Root cause discovery enhanced through network flow analytics.
RS.AN-03,Real-time event correlation supported breach mapping activities.
RS.AN-03,Security threat modeling adjusted based on incident root cause analysis.
RS.AN-03,Digital evidence repositories populated post-root cause confirmation.
RS.AN-03,Incident retrospectives incorporated structured root cause reviews.
RS.AN-03,Security incident response metrics updated after breach analysis.
RS.AN-03,Data loss vectors categorized post-incident examination.
RS.AN-03,Malware eradication strategies refined through forensic root cause studies.
RS.AN-03,Compliance-driven forensic analysis validated breach origins.
RS.AN-03,Automated security analytics correlated multiple breach indicators.
RS.AN-03,Breach origin vectors identified during packet-level investigations.
RS.AN-03,Incident classification systems updated based on root cause findings.
RS.AN-03,Security event logs archived to support root cause validation efforts.
RS.AN-03,Root cause mitigation strategies documented for resilience planning.
RS.AN-03,Risk models recalibrated following breach root cause determination.
RS.MI-02,"Incidents are removed, cleaned up, cleared out, wiped, flushed, locked down"
RS.MI-02,We removed unauthorized remote access tools from affected systems.
RS.MI-02,Security teams scrubbed suspicious scripts from public-facing applications.
RS.MI-02,Compromised credentials were revoked and reset.
RS.MI-02,All remnants of the exploit code were wiped from the environment.
RS.MI-02,Cloud storage was sanitized following the containment phase.
RS.MI-02,The attacker’s backdoors were dismantled and logged for review.
RS.MI-02,Incident handlers flushed rogue processes from production environments.
RS.MI-02,Endpoint devices were cleaned and returned to secure operation.
RS.MI-02,Forensics wiped malware persistence from compromised machines.
RS.MI-02,The SOC team confirmed all unauthorized executables were deleted.
RS.MI-02,Root access obtained by attackers was revoked and cleaned up.
RS.MI-02,All residual malware triggers were flushed from scheduled tasks.
RS.MI-02,Recovery teams removed altered configurations caused by the attack.
RS.MI-02,Memory scraping tools were detected and eliminated.
RS.MI-02,Attacker footholds were dismantled during system cleansing.
RS.MI-02,Unauthorized user sessions were terminated and blocked.
RS.MI-02,Malicious registry entries were found and cleaned manually.
RS.MI-02,Database infections were purged before systems went back online.
RS.MI-02,Backup media was scanned and scrubbed for contamination.
RS.MI-02,Malware artifacts hidden in temp folders were deleted.
RS.MI-02,Reverse proxy access points planted by attackers were dismantled.
RS.MI-02,Compromised SSL certificates were revoked and replaced.
RS.MI-02,Endpoint response actions fully cleaned infected devices.
RS.MI-02,Incident responders dismantled attacker persistence without system rebuilds.
RS.MI-02,All encrypted communications tunnels established by the attacker were closed.
RS.MI-02,Forensic reviews confirmed successful malware cleansing efforts.
RS.MI-02,The remediation team verified no lingering exploit frameworks remained.
RS.MI-02,SOC validated that attacker command channels were shut down.
RS.MI-02,Incident closure checklists confirmed full threat removal.
RS.MI-02,Security patches were reapplied following system cleaning.
RS.MI-02,Temporary exploit payloads were flushed from server memory.
RS.MI-02,Attacker-scheduled tasks were manually deleted from domain controllers.
RS.MI-02,Network logs confirmed the removal of outbound exfiltration attempts.
RS.MI-02,System rollback procedures restored baseline configurations post-cleanup.
RS.MI-02,Threat-hunting exercises confirmed attacker artifacts were eradicated.
RS.MI-02,Incident responders re-secured application pipelines following cleansing.
RS.MI-02,Unauthorized domain accounts created during the attack were removed.
RS.MI-02,Access logs were cleared of unauthorized session tokens.
RS.MI-02,Cloud orchestration tools were scrubbed to remove injected policies.
RS.MI-02,Residual phishing kits were identified and eliminated from the environment.
RS.MI-02,Data repositories compromised during the attack were resecured post-cleansing.
RS.MI-02,Endpoint threat telemetry showed no abnormal behavior after cleanup.
RS.MI-02,Unauthorized database queries logged during the breach were reviewed and neutralized.
RS.MI-02,Forensic teams re-imaged critical endpoints post-threat removal.
RS.MI-02,Application containers affected during the attack were redeployed clean.
RS.MI-02,Zero-day exploit artifacts were wiped during threat remediation.
RS.MI-02,Incident summary reports confirmed the completion of cleanup activities.
RS.MI-02,Security analysts verified the elimination of lateral movement mechanisms.
RS.MI-02,Workstations affected by malware were scrubbed and returned to users.
RS.MI-02,Malware was completely removed from all affected systems.
RS.MI-02,The team cleaned out the compromised servers successfully.
RS.MI-02,We wiped all traces of the attacker's tools from the network.
RS.MI-02,All malicious files were deleted during the cleanup process.
RS.MI-02,The infected devices were scrubbed and restored to baseline.
RS.MI-02,Security teams cleared all unauthorized scripts from production servers.
RS.MI-02,We purged infected software from user endpoints.
RS.MI-02,The malware was eliminated from cloud storage accounts.
RS.MI-02,Compromised assets were fully reset after threat removal.
RS.MI-02,Backup environments were sanitized to prevent reinfection.
RS.MI-02,The threat actor's access points were dismantled across the network.
RS.MI-02,Residual malware artifacts were flushed from system directories.
RS.MI-02,Endpoint protection logs confirmed complete removal of malware.
RS.MI-02,Systems were cleaned and rebooted as part of the response.
RS.MI-02,The rootkits were stripped out during recovery operations.
RS.MI-02,All evidence of the breach was cleared from affected applications.
RS.MI-02,Security scans validated that malicious code was wiped clean.
RS.MI-02,Threat hunting confirmed no signs of remaining compromise.
RS.MI-02,All attacker-created accounts were deleted from the domain.
RS.MI-02,Data exfiltration scripts were neutralized during cleanup.
RS.MI-02,Infected registries were manually cleaned by forensics.
RS.MI-02,Compromised databases were restored from clean backups.
RS.MI-02,Network shares were scanned and scrubbed post-incident.
RS.MI-02,Server firmware was checked and cleaned as a precaution.
RS.MI-02,Forensics ensured all implants were removed from memory.
RS.MI-02,Incident handlers scrubbed key logging software from devices.
RS.MI-02,Attack persistence mechanisms were dismantled during recovery.
RS.MI-02,The infected application was uninstalled and reinstalled securely.
RS.MI-02,Cleanup operations were completed across all impacted environments.
RS.MI-02,No hidden processes were detected after full system cleaning.
RS.MI-02,SOC analysts wiped compromised cloud workloads clean.
RS.MI-02,Anomaly detection tools confirmed no residual attacker presence.
RS.MI-02,Web shells planted during the breach were located and removed.
RS.MI-02,Malware artifacts were manually deleted from compromised hosts.
RS.MI-02,Endpoint isolation and cleansing protocols were executed.
RS.MI-02,The attacker's command and control tunnels were shut down and removed.
RS.MI-02,Malicious scheduled tasks were wiped from systems.
RS.MI-02,Unauthorized API tokens were revoked and cleaned out.
RS.MI-02,Active threats were hunted down and eliminated post-breach.
RS.MI-02,Remediation teams flushed attacker persistence backdoors.
RS.MI-02,Incident responders cleaned compromised virtual machines.
RS.MI-02,Threat hunting teams verified successful eradication of malware beacons.
RS.MI-02,Forensic snapshots confirmed post-cleanup system health.
RS.MI-02,External consultants validated full removal of adversary implants.
RS.MI-02,Security patches were reapplied to cleaned systems.
RS.MI-02,Temporary storage devices were scanned and sanitized.
RS.MI-02,Malicious cron jobs were detected and wiped.
RS.MI-02,Infected Kubernetes pods were terminated and rebuilt.
RS.MI-02,Firewall rules planted by the attacker were identified and removed.
RS.MI-02,Infrastructure as Code scripts were reviewed and cleaned for compromise traces.
RS.MI-02,Malware artifacts purged through endpoint protection frameworks.
RS.MI-02,Threat persistence mechanisms neutralized via containment workflows.
RS.MI-02,Malicious payloads removed using automated remediation processes.
RS.MI-02,Adversary infrastructures dismantled under cybersecurity governance protocols.
RS.MI-02,Compromised credentials revoked and purged across enterprise systems.
RS.MI-02,Unauthorized access tools dismantled during forensic response operations.
RS.MI-02,Zero-day exploit artifacts wiped during security hardening efforts.
RS.MI-02,Command-and-control channels disabled by threat hunting teams.
RS.MI-02,Residual malware triggers flushed during post-incident remediation.
RS.MI-02,Threat actor footholds dismantled under advanced containment playbooks.
RS.MI-02,Infected system files cleansed via endpoint protection automation.
RS.MI-02,Unauthorized API sessions terminated through adaptive controls.
RS.MI-02,Persistence mechanisms flushed using digital forensics protocols.
RS.MI-02,Cloud attack vectors scrubbed from hybrid environments.
RS.MI-02,Threat vectors neutralized via cross-environment detection sweeps.
RS.MI-02,Compromise traces deleted during incident closure procedures.
RS.MI-02,Unauthorized login tunnels dismantled through access management systems.
RS.MI-02,Suspicious system artifacts cleansed via real-time endpoint analytics.
RS.MI-02,Malicious code footprints removed following SIEM event correlation.
RS.MI-02,Intrusion backdoors neutralized during containment handoff phases.
RS.MI-02,Unauthorized DNS beacons wiped from network telemetry logs.
RS.MI-02,Breach artifacts expunged through adaptive threat response frameworks.
RS.MI-02,Compromised service accounts purged during incident restoration.
RS.MI-02,Threat actor persistence layers dismantled during forensic validation.
RS.MI-02,Host memory anomalies flushed during malware remediation phases.
RS.MI-02,Phishing payloads removed through secure email gateway interventions.
RS.MI-02,Unauthorized encryption tunnels shut down post-breach analysis.
RS.MI-02,Cloud infrastructure compromises cleaned using container security frameworks.
RS.MI-02,Endpoint threat signatures wiped during security baseline resets.
RS.MI-02,Suspicious kernel modifications neutralized through forensic imaging.
RS.MI-02,Persistence scripts removed from critical server environments.
RS.MI-02,Residual breach artifacts flushed from network segmentation zones.
RS.MI-02,Compromised SSL keys revoked and rotated during incident closure.
RS.MI-02,Unauthorized application artifacts scrubbed from dev pipelines.
RS.MI-02,Threat actor privilege escalations dismantled through identity access governance.
RS.MI-02,Malicious scripts purged during system restore operations.
RS.MI-02,Compromise escalation pathways blocked during IR containment phases.
RS.MI-02,Endpoint anomalies cleansed with behavioral threat analytics.
RS.MI-02,Rootkit traces neutralized during disk imaging sweeps.
RS.MI-02,Malware exfiltration tunnels dismantled through active threat disruption.
RS.MI-02,Backdoor persistence mechanisms wiped via kernel-level interventions.
RS.MI-02,Unauthorized scheduled tasks deleted from system registries.
RS.MI-02,Malware frameworks dismantled by advanced remediation playbooks.
RS.MI-02,Credential harvesting scripts flushed from endpoint monitors.
RS.MI-02,Compromised virtual machines rebuilt and cleaned for production reintegration.
RS.MI-02,Privilege abuse footprints wiped from system audit trails.
RS.MI-02,Memory-resident malware signatures neutralized during forensic capture.
RS.MI-02,Data siphoning mechanisms dismantled through adaptive DLP controls.
RS.MI-02,Shadow IT breach vectors purged during post-incident threat hunts.
RS.MI-02,Systems were cleaned and rebooted.
RS.CO,A breach notification was sent to all required external stakeholders in compliance with regulatory timelines.
RS.CO,Leadership received hourly updates throughout the active incident response phase.
RS.CO,Regulatory authorities were informed once the breach scope was confirmed.
RS.CO,Customer-facing teams were updated internally to prepare for public disclosures.
RS.CO,Business partners were notified through secure communication channels about potential impacts.
RS.CO,Priority clients were contacted personally to discuss incident mitigation measures.
RS.CO,The board of directors was briefed on incident status and planned communications.
RS.CO,Crisis communication templates were used to ensure consistency across updates.
RS.CO,Confirmation receipts were collected from all critical stakeholders after notifications were sent.
RS.CO,Internal response teams received coordinated messaging to ensure alignment.
RS.CO,Press statements were reviewed by legal and crisis teams before release.
RS.CO,Internal situation reports were distributed to all department heads every two hours.
RS.CO,Crisis management stand-up meetings were scheduled internally during containment.
RS.CO,Executive leadership approved all major incident communications before external release.
RS.CO,Internal dashboards tracked notification timelines for internal escalation visibility.
RS.CO,A centralized internal communication log was maintained for all incident updates.
RS.CO,"Incident updates were synchronized across internal IT, legal, and compliance teams."
RS.CO,Public relations monitored external sentiment and coordinated approved responses.
RS.CO,Regular status updates were provided to regulatory bodies throughout remediation.
RS.CO,Media inquiries were escalated to the crisis communication team under established guidelines.
RS.CO,Designated internal stakeholders received tailored briefings based on operational impact.
RS.CO,Lessons learned about communication efficiency were recorded post-incident.
RS.CO,Stakeholder communication records were archived securely for compliance validation.
RS.CO,Communication gaps identified during the response were addressed in after-action reviews.
RS.CO,Crisis communication playbooks were updated based on the incident experience.
RS.MI-01,The security team maintained 24/7 monitoring during containment operations.
RS.MI-01,Physical access to compromised devices was restricted immediately.
RS.MI-01,Containment actions were logged in real-time to the incident management system.
RS.MI-01,Third-party vendors were alerted to apply containment procedures on their systems.
RS.MI-01,Leadership was briefed hourly during active containment phases.
RS.MI-01,Containment teams verified that no lateral movement occurred beyond isolated systems.
RS.MI-01,Emergency containment metrics were reviewed by the SOC leadership team.
RS.MI-01,Temporary firewall rules were applied to isolate affected network segments.
RS.MI-01,Wireless access points in the affected areas were temporarily disabled.
RS.MI-01,Containment strategies were updated dynamically as the incident evolved.
RS.MI-01,Cloud instances connected to compromised accounts were suspended.
RS.MI-01,Endpoint containment alerts were escalated to executive incident response teams.
RS.MI-01,All removable media devices were confiscated from compromised workstations.
RS.MI-01,Forensic teams confirmed containment effectiveness before recovery steps began.
RS.MI-01,Isolation measures were extended to adjacent network zones as a precaution.
RS.MI-01,Containment actions were cross-validated against threat intelligence indicators.
RS.MI-01,Communication of containment status was shared internally every 30 minutes.
RS.MI-01,All compromised admin accounts were immediately disabled.
RS.MI-01,Containment escalation protocols were triggered for high-risk assets.
RS.MI-01,Endpoint telemetry showed no further malware activity post-containment.
RS.MI-01,Containment plans were revised in real-time based on SOC monitoring results.
RS.MI-01,VPN access was revoked for all affected user accounts during containment.
RS.MI-01,Additional logging was activated on isolated systems to monitor post-containment behavior.
RS.MI-01,Containment handoff documentation was prepared for the eradication phase.
RS.MI-01,An after-action review focused specifically on containment speed and efficiency was scheduled.
RS.MA-03,The incident was reprioritized after additional forensic evidence emerged.
RS.MA-03,Critical infrastructure incidents were escalated to the executive leadership team.
RS.MA-03,Incident severity scores were calculated using the risk assessment matrix.
RS.MA-03,SLA thresholds dictated the need for expedited categorization.
RS.MA-03,Business continuity risks were factored into final incident prioritization.
RS.MA-03,Security operations reassigned additional analysts to critical incidents.
RS.MA-03,Privileged account compromises were automatically categorized as critical events.
RS.MA-03,Impact to compliance obligations elevated the incident's priority level.
RS.MA-03,Incident classification was validated during the mid-incident review checkpoint.
RS.MA-03,Severity ratings were updated dynamically as threat intelligence came in.
RS.MA-03,Data classification impact determined incident prioritization urgency.
RS.MA-03,Regulatory reporting deadlines influenced triage prioritization decisions.
RS.MA-03,Categorization meetings were held to review high-severity events.
RS.MA-03,Cross-team input was gathered before finalizing critical incident categorizations.
RS.MA-03,The threat escalation matrix guided incident prioritization pathways.
RS.MA-03,Customer impact potential elevated the priority of the breach.
RS.MA-03,New indicators of compromise triggered reprioritization of related incidents.
RS.MA-03,Incident severity reassessments were scheduled every four hours during containment.
RS.MA-03,Categorization decisions were peer-reviewed before escalation to leadership.
RS.MA-03,Incident criticality ratings determined incident commander assignments.
RS.MA-03,The prioritization framework was updated post-incident for lessons learned.
RS.MA-03,Asset sensitivity scoring was factored into incident triage outcomes.
RS.MA-03,Third-party risk assessments contributed to prioritization rankings.
RS.MA-03,Security incident management systems tracked prioritization history and changes.
RS.MA-03,Process validation confirmed that categorization timelines met organizational standards.
RS.AN-03,Forensic teams reconstructed the attack timeline across application logs.
RS.AN-03,Privileged escalation activities were confirmed during detailed incident review.
RS.AN-03,Root cause findings were cross-validated with external threat intelligence feeds.
RS.AN-03,The attacker's use of credential reuse was uncovered during log analysis.
RS.AN-03,Endpoint telemetry showed persistence attempts beyond initial compromise.
RS.AN-03,Cloud environment activity logs revealed unauthorized API access patterns.
RS.AN-03,The forensic review documented evidence of lateral movement between domains.
RS.AN-03,SIEM findings were verified against firewall and server logs for accuracy.
RS.AN-03,Database transaction records confirmed no tampering during the incident window.
RS.AN-03,Third-party forensic specialists validated internal root cause conclusions.
RS.AN-03,The timeline of the breach was mapped against user login anomalies.
RS.AN-03,Business process disruptions were analyzed alongside technical findings.
RS.AN-03,Malicious privilege escalation scripts were discovered on affected endpoints.
RS.AN-03,Endpoint behavior analytics tools supported root cause identification.
RS.AN-03,Evasive techniques used by the attacker were documented in the incident timeline.
RS.AN-03,Incident response and IT operations teams collaborated on root cause validation.
RS.AN-03,Physical server logs confirmed that no removable media was used during compromise.
RS.AN-03,Vulnerability scanning tools were referenced to confirm exploitation vectors.
RS.AN-03,Memory artifact analysis revealed the malware's persistence strategy.
RS.AN-03,Multi-cloud event telemetry was integrated into the root cause timeline.
RS.AN-03,Cross-environment audit trails supported full breach sequence mapping.
RS.AN-03,Network segmentation audit results contributed to root cause insights.
RS.AN-03,Root cause reporting included impact assessments for business continuity plans.
RS.AN-03,Incident documentation detailed all investigative steps taken during root cause analysis.
RS.AN-03,Lessons learned sessions incorporated findings from the multi-stage analysis process.